,Name,Date of Birth,Position,Team
1,Trae Young,1998-09-19,Point Guard,Atlanta Hawks
2,John Collins,1997-09-23,Power Forward,Atlanta Hawks
3,Taurean Prince,1994-03-22,Power Forward and Small Forward,Atlanta Hawks
4,Kevin Huerter,1998-08-27,Shooting Guard,Atlanta Hawks
5,Dewayne Dedmon,1989-08-12,Center,Atlanta Hawks
6,Kent Bazemore,1989-07-01,Small Forward and Shooting Guard,Atlanta Hawks
7,DeAndre' Bembry,1994-07-04,Small Forward and Shooting Guard,Atlanta Hawks
8,Alex Len,1993-06-16,Center,Atlanta Hawks
9,Jeremy Lin,1988-08-23,Point Guard and Shooting Guard,Atlanta Hawks
10,Vince Carter,1977-01-26,Shooting Guard,Atlanta Hawks
11,Omari Spellman,1997-07-21,Center and Power Forward,Atlanta Hawks
12,Alex Poythress,1993-09-06,Power Forward,Atlanta Hawks
13,Deyonta Davis,1996-12-02,Center,Atlanta Hawks
14,Jaylen Adams,1996-05-04,Point Guard,Atlanta Hawks
15,Isaac Humphries,1998-01-05,Center,Atlanta Hawks
16,Daniel Hamilton,1995-08-08,Shooting Guard,Atlanta Hawks
17,Justin Anderson,1993-11-19,Small Forward and Shooting Guard,Atlanta Hawks
18,Miles Plumlee,1988-09-01,Center,Atlanta Hawks
19,Tyler Dorsey,1996-02-18,Shooting Guard,Atlanta Hawks
20,B.J. Johnson,1995-12-21,Small Forward,Atlanta Hawks
21,Tyler Zeller,1990-01-17,Center,Atlanta Hawks
22,Jordan Sibert,1992-08-01,Shooting Guard,Atlanta Hawks
23,Kyrie Irving,1992-03-23,Point Guard,Boston Celtics
24,Jayson Tatum,1998-03-03,Small Forward and Power Forward,Boston Celtics
25,Al Horford,1986-06-03,Center,Boston Celtics
26,Marcus Morris,1989-09-02,Power Forward and Small Forward,Boston Celtics
27,Marcus Smart,1994-03-06,Shooting Guard and Point Guard,Boston Celtics
28,R.J. Hunter,1993-10-24,Shooting Guard,Boston Celtics
29,Jaylen Brown,1996-10-24,Shooting Guard and Small Forward,Boston Celtics
30,Gordon Hayward,1990-03-23,Small Forward and Power Forward,Boston Celtics
31,Terry Rozier,1994-03-17,Point Guard and Shooting Guard,Boston Celtics
32,Aron Baynes,1986-12-09,Center,Boston Celtics
33,Daniel Theis,1992-04-04,Center,Boston Celtics
34,Semi Ojeleye,1994-12-05,Power Forward,Boston Celtics
35,Brad Wanamaker,1989-07-25,Point Guard,Boston Celtics
36,Robert Williams,1997-10-17,Center,Boston Celtics
37,PJ Dozier,1996-10-25,Shooting Guard and Point Guard,Boston Celtics
38,Guerschon Yabusele,1995-12-17,Power Forward,Boston Celtics
39,Greg Monroe,1990-06-04,Center and Power Forward,Boston Celtics
40,D'Angelo Russell,1996-02-23,Point Guard,Brooklyn Nets
41,Joe Harris,1991-09-06,Shooting Guard and Small Forward,Brooklyn Nets
42,Spencer Dinwiddie,1993-04-06,Point Guard and Shooting Guard,Brooklyn Nets
43,Caris LeVert,1994-08-25,Shooting Guard and Small Forward,Brooklyn Nets
44,Allen Crabbe,1992-04-09,Shooting Guard and Small Forward,Brooklyn Nets
45,Jarrett Allen,1998-04-21,Center,Brooklyn Nets
46,DeMarre Carroll,1986-07-27,Small Forward,Brooklyn Nets
47,Rondae Hollis-Jefferson,1995-01-03,Small Forward and Power Forward,Brooklyn Nets
48,Jared Dudley,1985-07-10,Power Forward,Brooklyn Nets
49,Rodions Kurucs,1998-02-05,Small Forward and Power Forward,Brooklyn Nets
50,Treveon Graham,1993-10-28,Shooting Guard and Small Forward,Brooklyn Nets
51,Ed Davis,1989-06-05,Power Forward and Center,Brooklyn Nets
52,Shabazz Napier,1991-07-14,Point Guard,Brooklyn Nets
53,Theo Pinson,1995-11-05,Shooting Guard and Small Forward,Brooklyn Nets
54,Kenneth Faried,1989-11-19,Power Forward and Center,Brooklyn Nets
55,Mitch Creek,1992-04-27,Small Forward,Brooklyn Nets
56,Tahjere McCall,1994-08-17,Shooting Guard,Brooklyn Nets
57,Alan Williams,1993-01-28,Power Forward and Center,Brooklyn Nets
58,Džanan Musa,1999-05-08,Small Forward and Shooting Guard,Brooklyn Nets
59,Justin Holiday,1989-04-05,Shooting Guard and Small Forward,Chicago Bulls
60,Zach LaVine,1995-03-10,Shooting Guard,Chicago Bulls
61,Otto Porter Jr.,1993-06-03,Small Forward and Power Forward,Chicago Bulls
62,Lauri Markkanen,1997-05-22,Power Forward,Chicago Bulls
63,JaKarr Sampson,1993-03-20,Small Forward and Power Forward,Chicago Bulls
64,Kris Dunn,1994-03-18,Point Guard,Chicago Bulls
65,Walt Lemon Jr.,1992-07-26,Point Guard,Chicago Bulls
66,Jabari Parker,1995-03-15,Power Forward,Chicago Bulls
67,Wendell Carter Jr.,1999-04-16,Center,Chicago Bulls
68,Ryan Arcidiacono,1994-03-26,Point Guard,Chicago Bulls
69,Bobby Portis,1995-02-10,Power Forward and Center,Chicago Bulls
70,Wayne Selden,1994-09-30,Shooting Guard,Chicago Bulls
71,Robin Lopez,1988-04-01,Center,Chicago Bulls
72,Chandler Hutchison,1996-04-26,Small Forward,Chicago Bulls
73,Shaquille Harrison,1993-10-06,Shooting Guard and Point Guard,Chicago Bulls
74,Timothé Luwawu-Cabarrot,1995-05-09,Small Forward,Chicago Bulls
75,Cameron Payne,1994-08-08,Point Guard and Shooting Guard,Chicago Bulls
76,Brandon Sampson,1997-05-01,Shooting Guard,Chicago Bulls
77,Antonio Blakeney,1996-10-04,Shooting Guard,Chicago Bulls
78,Cristiano Felício,1992-07-07,Center,Chicago Bulls
79,Rawle Alkins,1997-10-29,Shooting Guard,Chicago Bulls
80,Tyler Ulis,1996-01-05,Point Guard,Chicago Bulls
81,Kemba Walker,1990-05-08,Point Guard,Charlotte Hornets
82,Nicolas Batum,1988-12-14,Small Forward,Charlotte Hornets
83,Jeremy Lamb,1992-05-30,Shooting Guard and Small Forward,Charlotte Hornets
84,Marvin Williams,1986-06-19,Power Forward and Small Forward,Charlotte Hornets
85,Cody Zeller,1992-10-05,Center,Charlotte Hornets
86,Miles Bridges,1998-03-21,Power Forward and Small Forward,Charlotte Hornets
87,Michael Kidd-Gilchrist,1993-09-26,Small Forward and Power Forward,Charlotte Hornets
88,Tony Parker,1982-05-17,Point Guard,Charlotte Hornets
89,Dwayne Bacon,1995-08-30,Shooting Guard,Charlotte Hornets
90,Malik Monk,1998-02-04,Shooting Guard,Charlotte Hornets
91,Frank Kaminsky,1993-04-04,Center and Power Forward,Charlotte Hornets
92,Devonte' Graham,1995-02-22,Point Guard,Charlotte Hornets
93,Bismack Biyombo,1992-08-28,Center,Charlotte Hornets
94,Willy Hernangómez,1994-05-27,Center,Charlotte Hornets
95,Shelvin Mack,1990-04-22,Point Guard and Shooting Guard,Charlotte Hornets
96,J.P. Macura,1995-06-05,Shooting Guard,Charlotte Hornets
97,Joe Chealey,1995-11-01,Point Guard,Charlotte Hornets
98,Cedi Osman,1995-04-08,Small Forward,Cleveland Cavaliers
99,Collin Sexton,1999-01-04,Shooting Guard and Point Guard,Cleveland Cavaliers
100,Alec Burks,1991-07-20,Shooting Guard and Small Forward,Cleveland Cavaliers
101,Tristan Thompson,1991-03-13,Power Forward and Center,Cleveland Cavaliers
102,Rodney Hood,1992-10-20,Shooting Guard and Small Forward,Cleveland Cavaliers
103,Jordan Clarkson,1992-06-07,Shooting Guard and Point Guard,Cleveland Cavaliers
104,Kevin Love,1988-09-07,Power Forward and Center,Cleveland Cavaliers
105,Larry Nance Jr.,1993-01-01,Power Forward and Center,Cleveland Cavaliers
106,George Hill,1986-05-04,Point Guard and Shooting Guard,Cleveland Cavaliers
107,Brandon Knight,1991-12-02,Point Guard and Shooting Guard,Cleveland Cavaliers
108,J.R. Smith,1985-09-09,Shooting Guard and Small Forward,Cleveland Cavaliers
109,Matthew Dellavedova,1990-09-08,Point Guard and Shooting Guard,Cleveland Cavaliers
110,Cameron Payne,1994-08-08,Point Guard and Shooting Guard,Cleveland Cavaliers
111,David Nwaba,1993-01-14,Small Forward and Shooting Guard,Cleveland Cavaliers
112,Sam Dekker,1994-05-06,Power Forward,Cleveland Cavaliers
113,Ante Žižić,1997-01-04,Center,Cleveland Cavaliers
114,Patrick McCaw,1995-10-25,Shooting Guard and Small Forward,Cleveland Cavaliers
115,Jaron Blossomgame,1993-09-16,Small Forward,Cleveland Cavaliers
116,Kyle Korver,1981-03-17,Shooting Guard,Cleveland Cavaliers
117,Marquese Chriss,1997-07-02,Power Forward,Cleveland Cavaliers
118,Andrew Harrison,1994-10-28,Point Guard,Cleveland Cavaliers
119,Nik Stauskas,1993-10-07,Shooting Guard,Cleveland Cavaliers
120,Jalen Jones,1993-05-27,Small Forward,Cleveland Cavaliers
121,Deng Adel,1997-02-01,Small Forward,Cleveland Cavaliers
122,Channing Frye,1983-05-17,Center and Power Forward,Cleveland Cavaliers
123,Kobi Simmons,1997-07-04,Point Guard,Cleveland Cavaliers
124,John Holland,1988-11-06,Small Forward,Cleveland Cavaliers
125,Harrison Barnes,1992-05-30,Power Forward and Small Forward,Dallas Mavericks
126,Luka Dončić,1999-02-28,Point Guard and Shooting Guard,Dallas Mavericks
127,DeAndre Jordan,1988-07-21,Center,Dallas Mavericks
128,Wesley Matthews,1986-10-14,Shooting Guard and Small Forward,Dallas Mavericks
129,Tim Hardaway Jr.,1992-03-16,Shooting Guard,Dallas Mavericks
130,Dennis Smith Jr.,1997-11-25,Point Guard,Dallas Mavericks
131,Dorian Finney-Smith,1993-05-04,Power Forward and Small Forward,Dallas Mavericks
132,Jalen Brunson,1996-08-31,Point Guard,Dallas Mavericks
133,Dwight Powell,1991-07-20,Center and Power Forward,Dallas Mavericks
134,Maxi Kleber,1992-01-29,Power Forward,Dallas Mavericks
135,J.J. Barea,1984-06-26,Point Guard and Shooting Guard,Dallas Mavericks
136,Justin Jackson,1995-03-28,Small Forward and Power Forward,Dallas Mavericks
137,Trey Burke,1992-11-12,Point Guard,Dallas Mavericks
138,Devin Harris,1983-02-27,Point Guard and Shooting Guard,Dallas Mavericks
139,Dirk Nowitzki,1978-06-19,Power Forward and Center,Dallas Mavericks
140,Courtney Lee,1985-10-03,Shooting Guard,Dallas Mavericks
141,Daryl Macon,1995-11-29,Point Guard and Shooting Guard,Dallas Mavericks
142,Salah Mejri,1986-06-15,Center,Dallas Mavericks
143,Ryan Broekhoff,1990-08-23,Small Forward and Shooting Guard,Dallas Mavericks
144,Kostas Antetokounmpo,1997-11-20,Power Forward,Dallas Mavericks
145,Ray Spalding,1997-03-11,Power Forward and Center,Dallas Mavericks
146,Jamal Murray,1997-02-23,Point Guard and Shooting Guard,Denver Nuggets
147,Nikola Jokić,1995-02-19,Center,Denver Nuggets
148,Gary Harris,1994-09-14,Shooting Guard,Denver Nuggets
149,Will Barton,1991-01-06,Shooting Guard and Small Forward,Denver Nuggets
150,Paul Millsap,1985-02-10,Power Forward,Denver Nuggets
151,Monte Morris,1995-06-27,Point Guard,Denver Nuggets
152,Malik Beasley,1996-11-26,Shooting Guard,Denver Nuggets
153,Mason Plumlee,1990-03-05,Center,Denver Nuggets
154,Torrey Craig,1990-12-19,Small Forward,Denver Nuggets
155,Juancho Hernangómez,1995-09-28,Power Forward,Denver Nuggets
156,Trey Lyles,1995-11-05,Power Forward,Denver Nuggets
157,Isaiah Thomas,1989-02-07,Point Guard and Shooting Guard,Denver Nuggets
158,Nick Young,1985-06-01,Shooting Guard,Denver Nuggets
159,Jarred Vanderbilt,1999-04-03,Power Forward,Denver Nuggets
160,Tyler Lydon,1996-04-09,Power Forward,Denver Nuggets
161,Brandon Goodwin,1995-10-02,Point Guard,Denver Nuggets
162,Thomas Welsh,1996-02-03,Center,Denver Nuggets
163,DeVaughn Akoon-Purcell,1993-06-05,Shooting Guard,Denver Nuggets
164,Blake Griffin,1989-03-16,Power Forward,Detroit Pistons
165,Andre Drummond,1993-08-10,Center,Detroit Pistons
166,Reggie Bullock,1991-03-16,Small Forward and Shooting Guard,Detroit Pistons
167,Reggie Jackson,1990-04-16,Point Guard and Shooting Guard,Detroit Pistons
168,Wayne Ellington,1987-11-29,Shooting Guard,Detroit Pistons
169,Luke Kennard,1996-06-24,Shooting Guard,Detroit Pistons
170,Ish Smith,1988-07-05,Point Guard,Detroit Pistons
171,Langston Galloway,1991-12-09,Shooting Guard and Point Guard,Detroit Pistons
172,Stanley Johnson,1996-05-29,Small Forward and Power Forward,Detroit Pistons
173,Bruce Brown,1996-08-15,Point Guard,Detroit Pistons
174,Thon Maker,1997-02-25,Center and Power Forward,Detroit Pistons
175,Glenn Robinson III,1994-01-08,Small Forward and Shooting Guard,Detroit Pistons
176,José Calderón,1981-09-28,Point Guard and Shooting Guard,Detroit Pistons
177,Zaza Pachulia,1984-02-10,Center,Detroit Pistons
178,Henry Ellenson,1997-01-13,Power Forward and Center,Detroit Pistons
179,Jon Leuer,1989-05-14,Power Forward and Center,Detroit Pistons
180,Khyri Thomas,1996-05-08,Shooting Guard,Detroit Pistons
181,Svi Mykhailiuk,1997-06-10,Small Forward and Shooting Guard,Detroit Pistons
182,Kalin Lucas,1989-05-24,Point Guard,Detroit Pistons
183,Zach Lofton,1992-11-18,Shooting Guard,Detroit Pistons
184,Kevin Durant,1988-09-29,Small Forward,Golden State Warriors
185,Klay Thompson,1990-02-08,Shooting Guard,Golden State Warriors
186,Stephen Curry,1988-03-14,Point Guard,Golden State Warriors
187,Draymond Green,1990-03-04,Power Forward and Small Forward,Golden State Warriors
188,DeMarcus Cousins,1990-08-13,Center,Golden State Warriors
189,Andre Iguodala,1984-01-28,Small Forward and Shooting Guard,Golden State Warriors
190,Kevon Looney,1996-02-06,Center and Power Forward,Golden State Warriors
191,Damian Jones,1995-06-30,Center,Golden State Warriors
192,Jonas Jerebko,1987-03-02,Power Forward,Golden State Warriors
193,Shaun Livingston,1985-09-11,Point Guard and Shooting Guard,Golden State Warriors
194,Quinn Cook,1993-03-23,Point Guard,Golden State Warriors
195,Alfonzo McKinnie,1992-09-17,Small Forward,Golden State Warriors
196,Andrew Bogut,1984-11-28,Center and Power Forward,Golden State Warriors
197,Damion Lee,1992-10-21,Shooting Guard,Golden State Warriors
198,Jordan Bell,1995-01-07,Center,Golden State Warriors
199,Jacob Evans,1997-06-18,Shooting Guard,Golden State Warriors
200,Marcus Derrickson,1996-02-01,Power Forward,Golden State Warriors
201,James Harden,1989-08-26,Shooting Guard and Point Guard,Houston Rockets
202,P.J. Tucker,1985-05-05,Power Forward,Houston Rockets
203,Clint Capela,1994-05-18,Center,Houston Rockets
204,Chris Paul,1985-05-06,Point Guard,Houston Rockets
205,Eric Gordon,1988-12-25,Shooting Guard and Small Forward,Houston Rockets
206,Carmelo Anthony,1984-05-29,Small Forward and Power Forward,Houston Rockets
207,Austin Rivers,1992-08-01,Shooting Guard and Point Guard,Houston Rockets
208,Danuel House Jr.,1993-06-07,Small Forward and Shooting Guard,Houston Rockets
209,Kenneth Faried,1989-11-19,Power Forward and Center,Houston Rockets
210,James Ennis III,1990-07-01,Small Forward and Shooting Guard,Houston Rockets
211,Gerald Green,1986-01-26,Shooting Guard and Small Forward,Houston Rockets
212,Iman Shumpert,1990-06-26,Shooting Guard,Houston Rockets
213,James Nunnally,1990-07-14,Small Forward,Houston Rockets
214,Nenê,1982-09-13,Center and Power Forward,Houston Rockets
215,Gary Clark,1994-11-16,Power Forward and Small Forward,Houston Rockets
216,Brandon Knight,1991-12-02,Point Guard and Shooting Guard,Houston Rockets
217,Michael Carter-Williams,1991-10-10,Point Guard and Shooting Guard,Houston Rockets
218,Vince Edwards,1996-04-05,Small Forward,Houston Rockets
219,Isaiah Hartenstein,1998-05-05,Center and Power Forward,Houston Rockets
220,Marquese Chriss,1997-07-02,Power Forward,Houston Rockets
221,Chris Chiozza,1995-11-21,Point Guard,Houston Rockets
222,Terrence Jones,1992-01-09,Power Forward,Houston Rockets
223,Zhou Qi,1996-01-16,Power Forward and Center,Houston Rockets
224,Victor Oladipo,1992-05-04,Shooting Guard and Point Guard,Indiana Pacers
225,Bojan Bogdanović,1989-04-18,Small Forward and Power Forward,Indiana Pacers
226,Wesley Matthews,1986-10-14,Shooting Guard and Small Forward,Indiana Pacers
227,Thaddeus Young,1988-06-21,Power Forward,Indiana Pacers
228,Myles Turner,1996-03-24,Center,Indiana Pacers
229,Darren Collison,1987-08-23,Point Guard,Indiana Pacers
230,Cory Joseph,1991-08-20,Point Guard and Shooting Guard,Indiana Pacers
231,Domantas Sabonis,1996-05-03,Power Forward and Center,Indiana Pacers
232,Tyreke Evans,1989-09-19,Shooting Guard,Indiana Pacers
233,Doug McDermott,1992-01-03,Small Forward and Power Forward,Indiana Pacers
234,Aaron Holiday,1996-09-30,Point Guard,Indiana Pacers
235,Edmond Sumner,1995-12-31,Shooting Guard and Point Guard,Indiana Pacers
236,T.J. Leaf,1997-04-30,Power Forward,Indiana Pacers
237,Kyle O'Quinn,1990-03-26,Center and Power Forward,Indiana Pacers
238,Davon Reed,1995-06-11,Shooting Guard,Indiana Pacers
239,Alize Johnson,1996-04-22,Power Forward,Indiana Pacers
240,Ike Anigbogu,1998-10-17,Center,Indiana Pacers
241,Tobias Harris,1992-07-15,Power Forward and Small Forward,Los Angeles Clippers
242,Danilo Gallinari,1988-08-08,Small Forward,Los Angeles Clippers
243,Avery Bradley,1990-11-26,Shooting Guard and Point Guard,Los Angeles Clippers
244,Landry Shamet,1997-03-13,Shooting Guard,Los Angeles Clippers
245,Patrick Beverley,1988-07-12,Point Guard and Shooting Guard,Los Angeles Clippers
246,Lou Williams,1986-10-27,Point Guard and Shooting Guard,Los Angeles Clippers
247,Shai Gilgeous-Alexander,1998-07-12,Shooting Guard and Point Guard,Los Angeles Clippers
248,Montrezl Harrell,1994-01-26,Center and Power Forward,Los Angeles Clippers
249,Ivica Zubac,1997-03-18,Center,Los Angeles Clippers
250,JaMychal Green,1990-06-21,Power Forward,Los Angeles Clippers
251,Garrett Temple,1986-05-08,Shooting Guard,Los Angeles Clippers
252,Marcin Gortat,1984-02-17,Center and Power Forward,Los Angeles Clippers
253,Luc Mbah a Moute,1986-09-09,Power Forward and Small Forward,Los Angeles Clippers
254,Wilson Chandler,1987-05-10,Small Forward,Los Angeles Clippers
255,Mike Scott,1988-07-16,Power Forward,Los Angeles Clippers
256,Boban Marjanović,1988-08-15,Center,Los Angeles Clippers
257,Tyrone Wallace,1994-06-10,Shooting Guard and Point Guard,Los Angeles Clippers
258,Miloš Teodosić,1987-03-19,Point Guard,Los Angeles Clippers
259,Jerome Robinson,1997-02-22,Shooting Guard,Los Angeles Clippers
260,Ángel Delgado,1994-11-20,Center,Los Angeles Clippers
261,Johnathan Motley,1995-05-04,Power Forward,Los Angeles Clippers
262,Sindarius Thornwell,1994-11-15,Shooting Guard and Small Forward,Los Angeles Clippers
263,LeBron James,1984-12-30,Small Forward,Los Angeles Lakers
264,Brandon Ingram,1997-09-02,Small Forward and Power Forward,Los Angeles Lakers
265,Kyle Kuzma,1995-07-24,Power Forward and Small Forward,Los Angeles Lakers
266,Lonzo Ball,1997-10-27,Point Guard,Los Angeles Lakers
267,Rajon Rondo,1986-02-22,Point Guard,Los Angeles Lakers
268,Reggie Bullock,1991-03-16,Small Forward and Shooting Guard,Los Angeles Lakers
269,Josh Hart,1995-03-06,Small Forward and Shooting Guard,Los Angeles Lakers
270,Kentavious Caldwell-Pope,1993-02-18,Shooting Guard,Los Angeles Lakers
271,Jemerrio Jones,1995-04-09,Small Forward,Los Angeles Lakers
272,JaVale McGee,1988-01-19,Center,Los Angeles Lakers
273,Alex Caruso,1994-02-28,Point Guard and Shooting Guard,Los Angeles Lakers
274,Lance Stephenson,1990-09-05,Shooting Guard and Small Forward,Los Angeles Lakers
275,Tyson Chandler,1982-10-02,Center and Power Forward,Los Angeles Lakers
276,Ivica Zubac,1997-03-18,Center,Los Angeles Lakers
277,Mike Muscala,1991-07-01,Center and Power Forward,Los Angeles Lakers
278,Johnathan Williams,1995-05-22,Power Forward and Center,Los Angeles Lakers
279,Svi Mykhailiuk,1997-06-10,Small Forward and Shooting Guard,Los Angeles Lakers
280,Michael Beasley,1989-01-09,Power Forward and Small Forward,Los Angeles Lakers
281,Moritz Wagner,1997-04-26,Center,Los Angeles Lakers
282,Isaac Bonga,1999-11-08,Small Forward and Point Guard,Los Angeles Lakers
283,Scott Machado,1990-06-08,Point Guard,Los Angeles Lakers
284,Andre Ingram,1985-11-19,Shooting Guard,Los Angeles Lakers
285,Marc Gasol,1985-01-29,Center,Memphis Grizzlies
286,Mike Conley,1987-10-11,Point Guard,Memphis Grizzlies
287,Avery Bradley,1990-11-26,Shooting Guard and Point Guard,Memphis Grizzlies
288,Garrett Temple,1986-05-08,Shooting Guard,Memphis Grizzlies
289,Delon Wright,1992-04-26,Point Guard and Shooting Guard,Memphis Grizzlies
290,Kyle Anderson,1993-09-20,Small Forward and Power Forward,Memphis Grizzlies
291,Justin Holiday,1989-04-05,Shooting Guard and Small Forward,Memphis Grizzlies
292,Jonas Valančiūnas,1992-05-06,Center,Memphis Grizzlies
293,Jaren Jackson Jr.,1999-09-15,Center and Power Forward,Memphis Grizzlies
294,Bruno Caboclo,1995-09-21,Small Forward,Memphis Grizzlies
295,Shelvin Mack,1990-04-22,Point Guard and Shooting Guard,Memphis Grizzlies
296,C.J. Miles,1987-03-18,Small Forward,Memphis Grizzlies
297,JaMychal Green,1990-06-21,Power Forward,Memphis Grizzlies
298,Tyler Dorsey,1996-02-18,Shooting Guard,Memphis Grizzlies
299,Tyler Zeller,1990-01-17,Center,Memphis Grizzlies
300,Chandler Parsons,1988-10-25,Small Forward and Power Forward,Memphis Grizzlies
301,Dillon Brooks,1996-01-22,Small Forward and Shooting Guard,Memphis Grizzlies
302,Joakim Noah,1985-02-25,Center,Memphis Grizzlies
303,Jevon Carter,1995-09-14,Point Guard,Memphis Grizzlies
304,Ivan Rabb,1997-02-04,Power Forward,Memphis Grizzlies
305,Omri Casspi,1988-06-22,Small Forward and Power Forward,Memphis Grizzlies
306,Wayne Selden,1994-09-30,Shooting Guard,Memphis Grizzlies
307,Julian Washburn,1991-12-18,Small Forward,Memphis Grizzlies
308,MarShon Brooks,1989-01-26,Shooting Guard,Memphis Grizzlies
309,Dusty Hannahs,1993-09-02,Shooting Guard,Memphis Grizzlies
310,Yuta Watanabe,1994-10-13,Small Forward,Memphis Grizzlies
311,D.J. Stephens,1990-12-19,Shooting Guard,Memphis Grizzlies
312,Andrew Harrison,1994-10-28,Point Guard,Memphis Grizzlies
313,Josh Richardson,1993-09-15,Shooting Guard and Small Forward,Miami Heat
314,Justise Winslow,1996-03-26,Small Forward,Miami Heat
315,Goran Dragić,1986-05-06,Point Guard and Shooting Guard,Miami Heat
316,Dwyane Wade,1982-01-17,Shooting Guard and Point Guard,Miami Heat
317,Dion Waiters,1991-12-10,Shooting Guard,Miami Heat
318,Tyler Johnson,1992-05-07,Point Guard and Shooting Guard,Miami Heat
319,Rodney McGruder,1991-07-29,Shooting Guard,Miami Heat
320,Bam Adebayo,1997-07-18,Center and Power Forward,Miami Heat
321,Hassan Whiteside,1989-06-13,Center,Miami Heat
322,Kelly Olynyk,1991-04-19,Center and Power Forward,Miami Heat
323,Wayne Ellington,1987-11-29,Shooting Guard,Miami Heat
324,James Johnson,1987-02-20,Power Forward,Miami Heat
325,Derrick Jones Jr.,1997-02-15,Small Forward and Power Forward,Miami Heat
326,Duncan Robinson,1994-04-22,Shooting Guard and Small Forward,Miami Heat
327,Udonis Haslem,1980-06-09,Power Forward and Center,Miami Heat
328,Yante Maten,1996-08-14,Power Forward,Miami Heat
329,Ryan Anderson,1988-05-06,Power Forward and Center,Miami Heat
330,Emanuel Terry,1996-08-21,Power Forward,Miami Heat
331,Giannis Antetokounmpo,1994-12-06,Power Forward,Milwaukee Bucks
332,Khris Middleton,1991-08-12,Small Forward and Shooting Guard,Milwaukee Bucks
333,Eric Bledsoe,1989-12-09,Point Guard and Shooting Guard,Milwaukee Bucks
334,Brook Lopez,1988-04-01,Center,Milwaukee Bucks
335,Malcolm Brogdon,1992-12-11,Point Guard and Shooting Guard,Milwaukee Bucks
336,Nikola Mirotić,1991-02-11,Power Forward,Milwaukee Bucks
337,Pat Connaughton,1993-01-06,Shooting Guard,Milwaukee Bucks
338,George Hill,1986-05-04,Point Guard and Shooting Guard,Milwaukee Bucks
339,D.J. Wilson,1996-02-19,Power Forward,Milwaukee Bucks
340,Ersan İlyasova,1987-05-15,Power Forward,Milwaukee Bucks
341,Sterling Brown,1995-02-10,Shooting Guard and Small Forward,Milwaukee Bucks
342,Tony Snell,1991-11-10,Shooting Guard and Small Forward,Milwaukee Bucks
343,Tim Frazier,1990-11-01,Point Guard,Milwaukee Bucks
344,Donte DiVincenzo,1997-01-31,Shooting Guard,Milwaukee Bucks
345,John Henson,1990-12-28,Center and Power Forward,Milwaukee Bucks
346,Bonzie Colson,1996-01-12,Small Forward,Milwaukee Bucks
347,Thon Maker,1997-02-25,Center and Power Forward,Milwaukee Bucks
348,Pau Gasol,1980-07-06,Center and Power Forward,Milwaukee Bucks
349,Matthew Dellavedova,1990-09-08,Point Guard and Shooting Guard,Milwaukee Bucks
350,Isaiah Canaan,1991-05-21,Point Guard and Shooting Guard,Milwaukee Bucks
351,Jaylen Morris,1995-09-19,Shooting Guard,Milwaukee Bucks
352,Jason Smith,1986-03-02,Center and Power Forward,Milwaukee Bucks
353,Christian Wood,1995-09-27,Power Forward and Center,Milwaukee Bucks
354,Trevon Duval,1998-08-03,Point Guard,Milwaukee Bucks
355,Jimmy Butler,1989-09-14,Small Forward and Shooting Guard,Minnesota Timberwolves
356,Andrew Wiggins,1995-02-23,Small Forward and Power Forward,Minnesota Timberwolves
357,Robert Covington,1990-12-14,Small Forward,Minnesota Timberwolves
358,Karl-Anthony Towns,1995-11-15,Center,Minnesota Timberwolves
359,Jeff Teague,1988-06-10,Point Guard,Minnesota Timberwolves
360,Derrick Rose,1988-10-04,Point Guard,Minnesota Timberwolves
361,Taj Gibson,1985-06-24,Power Forward and Center,Minnesota Timberwolves
362,Dario Šarić,1994-04-08,Power Forward and Center,Minnesota Timberwolves
363,Josh Okogie,1998-09-01,Shooting Guard,Minnesota Timberwolves
364,Tyus Jones,1996-05-10,Point Guard,Minnesota Timberwolves
365,Jerryd Bayless,1988-08-20,Point Guard and Shooting Guard,Minnesota Timberwolves
366,Luol Deng,1985-04-16,Small Forward and Power Forward,Minnesota Timberwolves
367,Keita Bates-Diop,1996-01-23,Small Forward and Power Forward,Minnesota Timberwolves
368,Anthony Tolliver,1985-06-01,Power Forward and Small Forward,Minnesota Timberwolves
369,Cameron Reynolds,1995-02-07,Small Forward and Shooting Guard,Minnesota Timberwolves
370,Gorgui Dieng,1990-01-18,Center and Power Forward,Minnesota Timberwolves
371,Isaiah Canaan,1991-05-21,Point Guard and Shooting Guard,Minnesota Timberwolves
372,Mitch Creek,1992-04-27,Small Forward,Minnesota Timberwolves
373,C.J. Williams,1990-02-06,Shooting Guard,Minnesota Timberwolves
374,Jared Terrell,1995-02-10,Shooting Guard,Minnesota Timberwolves
375,James Nunnally,1990-07-14,Small Forward,Minnesota Timberwolves
376,Jrue Holiday,1990-06-12,Point Guard and Shooting Guard,New Orleans Pelicans
377,Anthony Davis,1993-03-11,Power Forward and Center,New Orleans Pelicans
378,Julius Randle,1994-11-29,Power Forward and Center,New Orleans Pelicans
379,Elfrid Payton,1994-02-22,Point Guard,New Orleans Pelicans
380,Nikola Mirotić,1991-02-11,Power Forward,New Orleans Pelicans
381,E'Twaun Moore,1989-02-25,Shooting Guard and Point Guard,New Orleans Pelicans
382,Darius Miller,1990-03-21,Small Forward,New Orleans Pelicans
383,Christian Wood,1995-09-27,Power Forward and Center,New Orleans Pelicans
384,Kenrich Williams,1994-12-02,Power Forward and Small Forward,New Orleans Pelicans
385,Solomon Hill,1991-03-18,Small Forward and Power Forward,New Orleans Pelicans
386,Tim Frazier,1990-11-01,Point Guard,New Orleans Pelicans
387,Frank Jackson,1998-05-04,Point Guard,New Orleans Pelicans
388,Ian Clark,1991-03-07,Shooting Guard,New Orleans Pelicans
389,Jahlil Okafor,1995-12-15,Center,New Orleans Pelicans
390,Wesley Johnson,1987-07-11,Small Forward and Shooting Guard,New Orleans Pelicans
391,Cheick Diallo,1996-09-13,Power Forward and Center,New Orleans Pelicans
392,Dairis Bertāns,1989-09-09,Shooting Guard,New Orleans Pelicans
393,Stanley Johnson,1996-05-29,Small Forward and Power Forward,New Orleans Pelicans
394,Jason Smith,1986-03-02,Center and Power Forward,New Orleans Pelicans
395,Andrew Harrison,1994-10-28,Point Guard,New Orleans Pelicans
396,Tim Hardaway Jr.,1992-03-16,Shooting Guard,New York Knicks
397,Kevin Knox,1999-08-11,Small Forward and Power Forward,New York Knicks
398,Dennis Smith Jr.,1997-11-25,Point Guard,New York Knicks
399,Damyean Dotson,1994-05-06,Shooting Guard,New York Knicks
400,Emmanuel Mudiay,1996-03-05,Point Guard,New York Knicks
401,Wesley Matthews,1986-10-14,Shooting Guard and Small Forward,New York Knicks
402,DeAndre Jordan,1988-07-21,Center,New York Knicks
403,Enes Freedom,1992-05-20,Center,New York Knicks
404,Noah Vonleh,1995-08-24,Power Forward and Center,New York Knicks
405,Allonzo Trier,1996-01-17,Shooting Guard,New York Knicks
406,Kadeem Allen,1993-01-15,Point Guard,New York Knicks
407,Frank Ntilikina,1998-07-28,Point Guard,New York Knicks
408,Trey Burke,1992-11-12,Point Guard,New York Knicks
409,Mario Hezonja,1995-02-25,Small Forward and Power Forward,New York Knicks
410,Mitchell Robinson,1998-04-01,Center,New York Knicks
411,Luke Kornet,1995-07-15,Center and Power Forward,New York Knicks
412,Lance Thomas,1988-04-24,Power Forward and Small Forward,New York Knicks
413,Billy Garrett,1994-10-16,Shooting Guard,New York Knicks
414,John Jenkins,1991-03-06,Shooting Guard,New York Knicks
415,Henry Ellenson,1997-01-13,Power Forward and Center,New York Knicks
416,Courtney Lee,1985-10-03,Shooting Guard,New York Knicks
417,Isaiah Hicks,1994-07-24,Power Forward,New York Knicks
418,Ron Baker,1993-03-30,Shooting Guard,New York Knicks
419,Paul George,1990-05-02,Small Forward and Shooting Guard,Oklahoma City Thunder
420,Russell Westbrook,1988-11-12,Point Guard,Oklahoma City Thunder
421,Steven Adams,1993-07-20,Center,Oklahoma City Thunder
422,Jerami Grant,1994-03-12,Power Forward and Small Forward,Oklahoma City Thunder
423,Dennis Schröder,1993-09-15,Point Guard and Shooting Guard,Oklahoma City Thunder
424,Terrance Ferguson,1998-05-17,Shooting Guard and Small Forward,Oklahoma City Thunder
425,Álex Abrines,1993-08-01,Shooting Guard,Oklahoma City Thunder
426,Markieff Morris,1989-09-02,Power Forward,Oklahoma City Thunder
427,Nerlens Noel,1994-04-10,Center and Power Forward,Oklahoma City Thunder
428,Patrick Patterson,1989-03-14,Power Forward,Oklahoma City Thunder
429,Raymond Felton,1984-06-26,Point Guard and Shooting Guard,Oklahoma City Thunder
430,Abdel Nader,1993-09-25,Small Forward,Oklahoma City Thunder
431,Hamidou Diallo,1998-07-31,Shooting Guard and Small Forward,Oklahoma City Thunder
432,Deonte Burton,1994-01-31,Small Forward and Shooting Guard,Oklahoma City Thunder
433,Timothé Luwawu-Cabarrot,1995-05-09,Small Forward,Oklahoma City Thunder
434,Tyler Davis,1997-05-22,Center,Oklahoma City Thunder
435,Jawun Evans,1996-07-26,Point Guard,Oklahoma City Thunder
436,Donte Grantham,1995-03-19,Small Forward,Oklahoma City Thunder
437,Aaron Gordon,1995-09-16,Power Forward and Small Forward,Orlando Magic
438,Evan Fournier,1992-10-29,Shooting Guard and Small Forward,Orlando Magic
439,Nikola Vučević,1990-10-24,Center,Orlando Magic
440,D.J. Augustin,1987-11-10,Point Guard,Orlando Magic
441,Jonathan Isaac,1997-10-03,Power Forward,Orlando Magic
442,Terrence Ross,1991-02-05,Shooting Guard and Small Forward,Orlando Magic
443,Jonathon Simmons,1989-09-14,Shooting Guard and Small Forward,Orlando Magic
444,Michael Carter-Williams,1991-10-10,Point Guard and Shooting Guard,Orlando Magic
445,Wes Iwundu,1994-12-20,Small Forward,Orlando Magic
446,Mo Bamba,1998-05-12,Center,Orlando Magic
447,Jerian Grant,1992-10-09,Point Guard and Shooting Guard,Orlando Magic
448,Isaiah Briscoe,1996-04-13,Point Guard,Orlando Magic
449,Khem Birch,1992-09-28,Center,Orlando Magic
450,Jarell Martin,1994-05-24,Power Forward,Orlando Magic
451,Amile Jefferson,1993-05-07,Power Forward,Orlando Magic
452,Melvin Frazier,1996-08-30,Shooting Guard,Orlando Magic
453,Troy Caupain,1995-11-29,Point Guard,Orlando Magic
454,Tobias Harris,1992-07-15,Power Forward and Small Forward,Philadelphia 76ers
455,Ben Simmons,1996-07-20,Point Guard,Philadelphia 76ers
456,Robert Covington,1990-12-14,Small Forward,Philadelphia 76ers
457,Joel Embiid,1994-03-16,Center,Philadelphia 76ers
458,Jimmy Butler,1989-09-14,Small Forward and Shooting Guard,Philadelphia 76ers
459,J.J. Redick,1984-06-24,Shooting Guard and Point Guard,Philadelphia 76ers
460,Dario Šarić,1994-04-08,Power Forward and Center,Philadelphia 76ers
461,Wilson Chandler,1987-05-10,Small Forward,Philadelphia 76ers
462,Mike Scott,1988-07-16,Power Forward,Philadelphia 76ers
463,Markelle Fultz,1998-05-29,Point Guard and Shooting Guard,Philadelphia 76ers
464,Mike Muscala,1991-07-01,Center and Power Forward,Philadelphia 76ers
465,Landry Shamet,1997-03-13,Shooting Guard,Philadelphia 76ers
466,Corey Brewer,1986-03-05,Small Forward,Philadelphia 76ers
467,T.J. McConnell,1992-03-25,Point Guard,Philadelphia 76ers
468,Zhaire Smith,1999-06-04,Small Forward and Shooting Guard,Philadelphia 76ers
469,Greg Monroe,1990-06-04,Center and Power Forward,Philadelphia 76ers
470,James Ennis III,1990-07-01,Small Forward and Shooting Guard,Philadelphia 76ers
471,Jonathon Simmons,1989-09-14,Shooting Guard and Small Forward,Philadelphia 76ers
472,Jonah Bolden,1996-01-02,Center and Power Forward,Philadelphia 76ers
473,Furkan Korkmaz,1997-07-24,Shooting Guard,Philadelphia 76ers
474,Boban Marjanović,1988-08-15,Center,Philadelphia 76ers
475,Shake Milton,1996-09-26,Shooting Guard and Point Guard,Philadelphia 76ers
476,Amir Johnson,1987-05-01,Power Forward,Philadelphia 76ers
477,Haywood Highsmith,1996-12-09,Small Forward,Philadelphia 76ers
478,Justin Patton,1997-06-14,Center,Philadelphia 76ers
479,Demetrius Jackson,1994-09-07,Point Guard,Philadelphia 76ers
480,Devin Booker,1996-10-30,Shooting Guard,Phoenix Suns
481,Trevor Ariza,1985-06-30,Small Forward and Shooting Guard,Phoenix Suns
482,T.J. Warren,1993-09-05,Small Forward,Phoenix Suns
483,Tyler Johnson,1992-05-07,Point Guard and Shooting Guard,Phoenix Suns
484,Deandre Ayton,1998-07-23,Center,Phoenix Suns
485,Kelly Oubre Jr.,1995-12-09,Small Forward,Phoenix Suns
486,Mikal Bridges,1996-08-30,Small Forward,Phoenix Suns
487,Isaiah Canaan,1991-05-21,Point Guard and Shooting Guard,Phoenix Suns
488,Josh Jackson,1997-02-10,Small Forward and Shooting Guard,Phoenix Suns
489,De'Anthony Melton,1998-05-28,Point Guard and Shooting Guard,Phoenix Suns
490,Jamal Crawford,1980-03-20,Shooting Guard and Point Guard,Phoenix Suns
491,Ryan Anderson,1988-05-06,Power Forward and Center,Phoenix Suns
492,Elie Okobo,1997-10-23,Point Guard,Phoenix Suns
493,Dragan Bender,1997-11-17,Power Forward and Center,Phoenix Suns
494,Richaun Holmes,1993-10-15,Center and Power Forward,Phoenix Suns
495,Troy Daniels,1991-07-15,Shooting Guard,Phoenix Suns
496,Tyson Chandler,1982-10-02,Center and Power Forward,Phoenix Suns
497,Quincy Acy,1990-10-06,Power Forward and Small Forward,Phoenix Suns
498,Ray Spalding,1997-03-11,Power Forward and Center,Phoenix Suns
499,Jimmer Fredette,1989-02-25,Shooting Guard and Point Guard,Phoenix Suns
500,Emanuel Terry,1996-08-21,Power Forward,Phoenix Suns
501,Jawun Evans,1996-07-26,Point Guard,Phoenix Suns
502,George King,1994-01-15,Small Forward,Phoenix Suns
503,Eric Moreland,1991-12-24,Power Forward,Phoenix Suns
504,Damian Lillard,1990-07-15,Point Guard,Portland Trail Blazers
505,CJ McCollum,1991-09-19,Shooting Guard,Portland Trail Blazers
506,Al-Farouq Aminu,1990-09-21,Power Forward and Small Forward,Portland Trail Blazers
507,Jusuf Nurkić,1994-08-23,Center,Portland Trail Blazers
508,Rodney Hood,1992-10-20,Shooting Guard and Small Forward,Portland Trail Blazers
509,Maurice Harkless,1993-05-11,Small Forward and Power Forward,Portland Trail Blazers
510,Enes Freedom,1992-05-20,Center,Portland Trail Blazers
511,Evan Turner,1988-10-27,Small Forward,Portland Trail Blazers
512,Seth Curry,1990-08-23,Shooting Guard and Point Guard,Portland Trail Blazers
513,Jake Layman,1994-03-07,Small Forward,Portland Trail Blazers
514,Zach Collins,1997-11-19,Power Forward and Center,Portland Trail Blazers
515,Nik Stauskas,1993-10-07,Shooting Guard,Portland Trail Blazers
516,Meyers Leonard,1992-02-27,Center and Power Forward,Portland Trail Blazers
517,Caleb Swanigan,1997-04-18,Power Forward and Center,Portland Trail Blazers
518,Gary Trent Jr.,1999-01-18,Shooting Guard and Small Forward,Portland Trail Blazers
519,Anfernee Simons,1999-06-08,Shooting Guard,Portland Trail Blazers
520,Skal Labissière,1996-03-18,Power Forward and Center,Portland Trail Blazers
521,Wade Baldwin,1996-03-29,Point Guard,Portland Trail Blazers
522,Harrison Barnes,1992-05-30,Power Forward and Small Forward,Sacramento Kings
523,Buddy Hield,1992-12-17,Shooting Guard,Sacramento Kings
524,De'Aaron Fox,1997-12-20,Point Guard,Sacramento Kings
525,Bogdan Bogdanović,1992-08-18,Shooting Guard,Sacramento Kings
526,Willie Cauley-Stein,1993-08-18,Center,Sacramento Kings
527,Iman Shumpert,1990-06-26,Shooting Guard,Sacramento Kings
528,Marvin Bagley III,1999-03-14,Power Forward and Center,Sacramento Kings
529,Nemanja Bjelica,1988-05-09,Power Forward and Center,Sacramento Kings
530,Justin Jackson,1995-03-28,Small Forward and Power Forward,Sacramento Kings
531,Yogi Ferrell,1993-05-09,Point Guard and Shooting Guard,Sacramento Kings
532,Troy Williams,1994-12-30,Small Forward,Sacramento Kings
533,Corey Brewer,1986-03-05,Small Forward,Sacramento Kings
534,Harry Giles,1998-04-22,Center and Power Forward,Sacramento Kings
535,Kosta Koufos,1989-02-24,Center,Sacramento Kings
536,Frank Mason III,1994-04-03,Point Guard,Sacramento Kings
537,Caleb Swanigan,1997-04-18,Power Forward and Center,Sacramento Kings
538,Alec Burks,1991-07-20,Shooting Guard and Small Forward,Sacramento Kings
539,Skal Labissière,1996-03-18,Power Forward and Center,Sacramento Kings
540,Ben McLemore,1993-02-11,Shooting Guard and Small Forward,Sacramento Kings
541,B.J. Johnson,1995-12-21,Small Forward,Sacramento Kings
542,DeMar DeRozan,1989-08-07,Shooting Guard,San Antonio Spurs
543,LaMarcus Aldridge,1985-07-19,Power Forward and Center,San Antonio Spurs
544,Bryn Forbes,1993-07-23,Shooting Guard,San Antonio Spurs
545,Rudy Gay,1986-08-17,Small Forward and Power Forward,San Antonio Spurs
546,Derrick White,1994-07-02,Shooting Guard and Point Guard,San Antonio Spurs
547,Patty Mills,1988-08-11,Point Guard,San Antonio Spurs
548,Marco Belinelli,1986-03-25,Shooting Guard and Small Forward,San Antonio Spurs
549,Dāvis Bertāns,1992-11-12,Power Forward,San Antonio Spurs
550,Jakob Poeltl,1995-10-15,Center,San Antonio Spurs
551,Dante Cunningham,1987-04-22,Power Forward and Small Forward,San Antonio Spurs
552,Pau Gasol,1980-07-06,Center and Power Forward,San Antonio Spurs
553,Lonnie Walker IV,1998-12-14,Shooting Guard,San Antonio Spurs
554,Quincy Pondexter,1988-03-10,Small Forward and Shooting Guard,San Antonio Spurs
555,Chimezie Metu,1997-03-22,Center and Power Forward,San Antonio Spurs
556,Drew Eubanks,1997-02-01,Center and Power Forward,San Antonio Spurs
557,Donatas Motiejūnas,1990-09-20,Power Forward,San Antonio Spurs
558,Kawhi Leonard,1991-06-29,Small Forward,Toronto Raptors
559,Kyle Lowry,1986-03-25,Point Guard,Toronto Raptors
560,Pascal Siakam,1994-04-02,Power Forward,Toronto Raptors
561,Danny Green,1987-06-22,Shooting Guard and Small Forward,Toronto Raptors
562,Fred VanVleet,1994-02-25,Point Guard and Shooting Guard,Toronto Raptors
563,Serge Ibaka,1989-09-18,Power Forward and Center,Toronto Raptors
564,Marc Gasol,1985-01-29,Center,Toronto Raptors
565,OG Anunoby,1997-07-17,Small Forward,Toronto Raptors
566,Jeremy Lin,1988-08-23,Point Guard and Shooting Guard,Toronto Raptors
567,Jonas Valančiūnas,1992-05-06,Center,Toronto Raptors
568,Norman Powell,1993-05-25,Shooting Guard and Small Forward,Toronto Raptors
569,Delon Wright,1992-04-26,Point Guard and Shooting Guard,Toronto Raptors
570,C.J. Miles,1987-03-18,Small Forward,Toronto Raptors
571,Patrick McCaw,1995-10-25,Shooting Guard and Small Forward,Toronto Raptors
572,Jodie Meeks,1987-08-21,Shooting Guard,Toronto Raptors
573,Greg Monroe,1990-06-04,Center and Power Forward,Toronto Raptors
574,Eric Moreland,1991-12-24,Power Forward,Toronto Raptors
575,Lorenzo Brown,1990-08-26,Point Guard,Toronto Raptors
576,Malcolm Miller,1993-03-06,Small Forward,Toronto Raptors
577,Chris Boucher,1993-01-11,Power Forward and Center,Toronto Raptors
578,Malachi Richardson,1996-01-05,Shooting Guard,Toronto Raptors
579,Jordan Loyd,1993-07-27,Point Guard,Toronto Raptors
580,Donovan Mitchell,1996-09-07,Shooting Guard and Point Guard,Utah Jazz
581,Rudy Gobert,1992-06-26,Center,Utah Jazz
582,Joe Ingles,1987-10-02,Small Forward and Power Forward,Utah Jazz
583,Ricky Rubio,1990-10-21,Point Guard,Utah Jazz
584,Jae Crowder,1990-07-06,Small Forward and Power Forward,Utah Jazz
585,Derrick Favors,1991-07-15,Power Forward and Center,Utah Jazz
586,Royce O'Neale,1993-06-05,Small Forward,Utah Jazz
587,Kyle Korver,1981-03-17,Shooting Guard,Utah Jazz
588,Alec Burks,1991-07-20,Shooting Guard and Small Forward,Utah Jazz
589,Dante Exum,1995-07-13,Point Guard and Shooting Guard,Utah Jazz
590,Raul Neto,1992-05-19,Point Guard,Utah Jazz
591,Thabo Sefolosha,1984-05-02,Shooting Guard,Utah Jazz
592,Tony Bradley,1998-01-08,Center,Utah Jazz
593,Grayson Allen,1995-10-08,Shooting Guard,Utah Jazz
594,Georges Niang,1993-06-17,Power Forward,Utah Jazz
595,Ekpe Udoh,1987-05-20,Center and Power Forward,Utah Jazz
596,Naz Mitrou-Long,1993-08-03,Shooting Guard,Utah Jazz
597,Tyler Cavanaugh,1994-02-09,Power Forward,Utah Jazz
598,Bradley Beal,1993-06-28,Shooting Guard,Washington Wizards
599,John Wall,1990-09-06,Point Guard,Washington Wizards
600,Trevor Ariza,1985-06-30,Small Forward and Shooting Guard,Washington Wizards
601,Otto Porter Jr.,1993-06-03,Small Forward and Power Forward,Washington Wizards
602,Bobby Portis,1995-02-10,Power Forward and Center,Washington Wizards
603,Jabari Parker,1995-03-15,Power Forward,Washington Wizards
604,Jeff Green,1986-08-28,Power Forward,Washington Wizards
605,Tomáš Satoranský,1991-10-30,Shooting Guard and Point Guard,Washington Wizards
606,Markieff Morris,1989-09-02,Power Forward,Washington Wizards
607,Kelly Oubre Jr.,1995-12-09,Small Forward,Washington Wizards
608,Dwight Howard,1985-12-08,Center and Power Forward,Washington Wizards
609,Austin Rivers,1992-08-01,Shooting Guard and Point Guard,Washington Wizards
610,Thomas Bryant,1997-07-31,Center,Washington Wizards
611,Sam Dekker,1994-05-06,Power Forward,Washington Wizards
612,Chasson Randle,1993-02-05,Point Guard,Washington Wizards
613,Ian Mahinmi,1986-11-05,Center,Washington Wizards
614,Troy Brown Jr.,1999-07-28,Small Forward,Washington Wizards
615,Devin Robinson,1995-03-07,Small Forward,Washington Wizards
616,Wesley Johnson,1987-07-11,Small Forward and Shooting Guard,Washington Wizards
617,Jordan McRae,1991-03-28,Shooting Guard and Point Guard,Washington Wizards
618,Ron Baker,1993-03-30,Shooting Guard,Washington Wizards
619,Jason Smith,1986-03-02,Center and Power Forward,Washington Wizards
620,Gary Payton II,1992-12-01,Point Guard and Small Forward,Washington Wizards
621,John Jenkins,1991-03-06,Shooting Guard,Washington Wizards
622,Okaro White,1992-08-13,Power Forward,Washington Wizards
